SaleID,CustomerID,ProductID,SaleDate,Quantity,Revenue
SID1,CUSID1,PID1,2/12/2024,2,$17.48 
SID2,CUSID2,PID2,7/7/2023,2,$694.49 
SID3,CUSID3,PID3,6/21/2023,4,$52.04 
SID4,CUSID4,PID4,6/30/2023,3,$748.24 
SID5,CUSID5,PID5,7/3/2023,3,$211.69 
SID6,CUSID6,PID6,10/7/2023,3,$585.87 
SID7,CUSID7,PID7,1/24/2024,3,$749.31 
SID8,CUSID8,PID8,5/24/2023,4,$206.29 
SID9,CUSID9,PID9,6/6/2023,5,$218.41 
SID10,CUSID10,PID10,5/25/2023,2,$843.43 
SID11,CUSID11,PID11,2/11/2024,3,$650.04 
SID12,CUSID12,PID12,2/11/2024,5,$701.50 
SID13,CUSID13,PID13,9/3/2023,2,$219.43 
SID14,CUSID14,PID14,11/7/2023,2,$434.85 
SID15,CUSID15,PID15,9/2/2023,4,$420.83 
SID16,CUSID16,PID16,10/30/2023,4,$225.37 
SID17,CUSID17,PID17,12/24/2023,2,$5.80 
SID18,CUSID18,PID18,12/5/2023,4,$587.79 
SID19,CUSID19,PID19,6/21/2023,2,$447.98 
SID20,CUSID20,PID20,8/21/2023,5,$66.02 
SID21,CUSID21,PID21,8/3/2023,3,$757.93 
SID22,CUSID22,PID22,12/1/2023,5,$155.74 
SID23,CUSID23,PID23,2/27/2023,3,$531.12 
SID24,CUSID24,PID24,4/30/2023,4,$409.67 
SID25,CUSID25,PID25,7/17/2023,2,$858.12 
SID26,CUSID26,PID26,12/21/2023,3,$674.31 
SID27,CUSID27,PID27,9/3/2023,5,$506.49 
SID28,CUSID28,PID28,8/22/2023,2,$464.53 
SID29,CUSID29,PID29,8/24/2023,3,$266.60 
SID30,CUSID30,PID30,5/9/2023,3,$804.60 
SID31,CUSID31,PID31,5/2/2023,3,$454.22 
SID32,CUSID32,PID32,6/19/2023,2,$309.23 
SID33,CUSID33,PID33,6/12/2023,4,$579.25 
SID34,CUSID34,PID34,11/13/2023,3,$359.28 
SID35,CUSID35,PID35,1/24/2024,4,$682.28 
SID36,CUSID36,PID36,12/3/2023,2,$426.94 
SID37,CUSID37,PID37,9/29/2023,2,$44.05 
SID38,CUSID38,PID38,4/30/2023,3,$577.61 
SID39,CUSID39,PID39,3/9/2023,3,$885.91 
SID40,CUSID40,PID40,5/18/2023,3,$788.01 
SID41,CUSID41,PID41,3/4/2023,2,$177.87 
SID42,CUSID42,PID42,2/10/2024,2,$460.19 
SID43,CUSID43,PID43,1/5/2024,4,$152.76 
SID44,CUSID44,PID44,2/9/2024,3,$567.41 
SID45,CUSID45,PID45,3/29/2023,3,$696.44 
SID46,CUSID46,PID46,8/21/2023,4,$143.59 
SID47,CUSID47,PID47,10/12/2023,2,$219.77 
SID48,CUSID48,PID48,1/1/2024,2,$740.97 
SID49,CUSID49,PID49,1/14/2024,4,$410.86 
SID50,CUSID50,PID50,7/5/2023,4,$379.36 
SID51,CUSID51,PID51,10/9/2023,4,$357.92 
SID52,CUSID52,PID52,5/29/2023,3,$151.03 
SID53,CUSID53,PID53,7/16/2023,3,$780.94 
SID54,CUSID54,PID54,4/4/2023,2,$293.17 
SID55,CUSID55,PID55,2/8/2024,4,$782.44 
SID56,CUSID56,PID56,5/27/2023,5,$680.31 
SID57,CUSID57,PID57,12/18/2023,4,$595.70 
SID58,CUSID58,PID58,9/29/2023,4,$722.94 
SID59,CUSID59,PID59,10/14/2023,5,$892.15 
SID60,CUSID60,PID60,5/29/2023,2,$798.25 
SID61,CUSID61,PID61,3/23/2023,2,$331.32 
SID62,CUSID62,PID62,8/16/2023,3,$256.27 
SID63,CUSID63,PID63,4/23/2023,5,$728.81 
SID64,CUSID64,PID64,8/21/2023,5,$589.91 
SID65,CUSID65,PID65,9/17/2023,4,$620.24 
SID66,CUSID66,PID66,5/7/2023,5,$142.07 
SID67,CUSID67,PID67,12/4/2023,4,$19.54 
SID68,CUSID68,PID68,11/5/2023,2,$372.52 
SID69,CUSID69,PID69,7/10/2023,5,$22.11 
SID70,CUSID70,PID70,3/13/2023,2,$790.01 
SID71,CUSID71,PID71,10/30/2023,4,$235.14 
SID72,CUSID72,PID72,3/7/2023,5,$812.30 
SID73,CUSID73,PID73,9/15/2023,2,$572.56 
SID74,CUSID74,PID74,8/17/2023,5,$634.71 
SID75,CUSID75,PID75,12/29/2023,3,$747.57 
SID76,CUSID76,PID76,11/23/2023,3,$718.54 
SID77,CUSID77,PID77,5/30/2023,4,$522.95 
SID78,CUSID78,PID78,10/23/2023,4,$402.72 
SID79,CUSID79,PID79,4/21/2023,2,$771.88 
SID80,CUSID80,PID80,9/7/2023,2,$739.62 
SID81,CUSID81,PID81,1/20/2024,4,$387.76 
SID82,CUSID82,PID82,6/18/2023,5,$35.61 
SID83,CUSID83,PID83,8/19/2023,2,$544.41 
SID84,CUSID84,PID84,8/23/2023,3,$832.27 
SID85,CUSID85,PID85,9/11/2023,2,$847.53 
SID86,CUSID86,PID86,6/18/2023,2,$191.37 
SID87,CUSID87,PID87,10/10/2023,5,$373.85 
SID88,CUSID88,PID88,7/1/2023,5,$198.19 
SID89,CUSID89,PID89,3/13/2023,5,$165.24 
SID90,CUSID90,PID90,10/29/2023,2,$607.03 
SID91,CUSID91,PID91,2/9/2024,4,$611.10 
SID92,CUSID92,PID92,8/14/2023,4,$172.75 
SID93,CUSID93,PID93,11/22/2023,5,$157.41 
SID94,CUSID94,PID94,3/30/2023,2,$849.36 
SID95,CUSID95,PID95,11/8/2023,4,$402.55 
SID96,CUSID96,PID96,4/7/2023,2,$489.36 
SID97,CUSID97,PID97,1/21/2024,2,$211.42 
SID98,CUSID98,PID98,5/18/2023,2,$657.28 
SID99,CUSID99,PID99,8/19/2023,3,$787.09 
SID100,CUSID100,PID100,9/26/2023,5,$218.64 
SID101,CUSID101,PID101,4/15/2023,4,$105.27 
SID102,CUSID102,PID102,1/20/2024,5,$819.28 
SID103,CUSID103,PID103,6/22/2023,4,$783.69 
SID104,CUSID104,PID104,8/20/2023,2,$372.08 
SID105,CUSID105,PID105,11/18/2023,4,$480.42 
SID106,CUSID106,PID106,11/28/2023,5,$730.55 
SID107,CUSID107,PID107,2/18/2024,5,$541.83 
SID108,CUSID108,PID108,6/27/2023,2,$711.28 
SID109,CUSID109,PID109,12/14/2023,5,$47.15 
SID110,CUSID110,PID110,9/10/2023,5,$515.34 
SID111,CUSID111,PID111,8/9/2023,2,$548.45 
SID112,CUSID112,PID112,5/4/2023,5,$471.90 
SID113,CUSID113,PID113,10/27/2023,4,$151.64 
SID114,CUSID114,PID114,7/15/2023,2,$689.43 
SID115,CUSID115,PID115,9/4/2023,3,$289.68 
SID116,CUSID116,PID116,10/10/2023,5,$131.18 
SID117,CUSID117,PID117,12/5/2023,4,$183.28 
SID118,CUSID118,PID118,1/21/2024,4,$12.76 
SID119,CUSID119,PID119,8/15/2023,3,$695.29 
SID120,CUSID120,PID120,7/4/2023,4,$293.36 
SID121,CUSID121,PID121,11/5/2023,2,$139.81 
SID122,CUSID122,PID122,7/16/2023,4,$166.39 
SID123,CUSID123,PID123,10/16/2023,3,$800.06 
SID124,CUSID124,PID124,4/12/2023,5,$424.61 
SID125,CUSID125,PID125,7/30/2023,2,$501.98 
SID126,CUSID126,PID126,6/18/2023,3,$637.91 
SID127,CUSID127,PID127,9/7/2023,2,$537.72 
SID128,CUSID128,PID128,5/26/2023,2,$205.06 
SID129,CUSID129,PID129,5/29/2023,3,$232.04 
SID130,CUSID130,PID130,1/9/2024,2,$262.57 
SID131,CUSID131,PID131,6/12/2023,4,$406.35 
SID132,CUSID132,PID132,1/6/2024,2,$127.85 
SID133,CUSID133,PID133,9/2/2023,3,$855.29 
SID134,CUSID134,PID134,11/17/2023,2,$763.50 
SID135,CUSID135,PID135,6/30/2023,2,$867.88 
SID136,CUSID136,PID136,9/21/2023,2,$198.91 
SID137,CUSID137,PID137,6/5/2023,2,$49.80 
SID138,CUSID138,PID138,10/21/2023,3,$602.88 
SID139,CUSID139,PID139,5/13/2023,4,$840.78 
SID140,CUSID140,PID140,2/10/2024,3,$580.45 
SID141,CUSID141,PID141,7/14/2023,2,$33.48 
SID142,CUSID142,PID142,4/1/2023,3,$166.55 
SID143,CUSID143,PID143,7/29/2023,4,$244.80 
SID144,CUSID144,PID144,5/5/2023,3,$287.48 
SID145,CUSID145,PID145,6/24/2023,4,$227.62 
SID146,CUSID146,PID146,4/6/2023,4,$776.19 
SID147,CUSID147,PID147,10/9/2023,3,$718.49 
SID148,CUSID148,PID148,2/20/2023,5,$609.85 
SID149,CUSID149,PID149,1/15/2024,3,$26.73 
SID150,CUSID150,PID150,6/16/2023,5,$726.78 
SID151,CUSID151,PID151,11/2/2023,2,$112.05 
SID152,CUSID152,PID152,1/4/2024,2,$292.90 
SID153,CUSID153,PID153,10/4/2023,5,$862.35 
SID154,CUSID154,PID154,1/1/2024,2,$819.18 
SID155,CUSID155,PID155,6/20/2023,5,$432.54 
SID156,CUSID156,PID156,1/25/2024,2,$173.06 
SID157,CUSID157,PID157,7/26/2023,3,$689.67 
SID158,CUSID158,PID158,12/30/2023,3,$280.02 
SID159,CUSID159,PID159,1/29/2024,2,$160.94 
SID160,CUSID160,PID160,1/4/2024,2,$864.86 
SID161,CUSID161,PID161,6/3/2023,4,$815.23 
SID162,CUSID162,PID162,1/29/2024,3,$296.59 
SID163,CUSID163,PID163,9/22/2023,4,$456.15 
SID164,CUSID164,PID164,2/3/2024,2,$815.20 
SID165,CUSID165,PID165,8/27/2023,5,$534.49 
SID166,CUSID166,PID166,9/13/2023,5,$48.14 
SID167,CUSID167,PID167,11/12/2023,2,$172.49 
SID168,CUSID168,PID168,1/11/2024,3,$854.06 
SID169,CUSID169,PID169,1/8/2024,5,$824.88 
SID170,CUSID170,PID170,7/18/2023,2,$133.12 
SID171,CUSID171,PID171,7/25/2023,3,$716.50 
SID172,CUSID172,PID172,11/17/2023,2,$736.15 
SID173,CUSID173,PID173,10/31/2023,4,$154.38 
SID174,CUSID174,PID174,1/25/2024,5,$493.20 
SID175,CUSID175,PID175,3/22/2023,2,$207.13 
SID176,CUSID176,PID176,3/17/2023,5,$396.94 
SID177,CUSID177,PID177,10/17/2023,4,$338.27 
SID178,CUSID178,PID178,6/19/2023,2,$188.08 
SID179,CUSID179,PID179,12/25/2023,5,$98.14 
SID180,CUSID180,PID180,11/26/2023,3,$703.04 
SID181,CUSID181,PID181,10/5/2023,2,$93.18 
SID182,CUSID182,PID182,8/25/2023,5,$859.76 
SID183,CUSID183,PID183,10/5/2023,3,$705.37 
SID184,CUSID184,PID184,4/29/2023,4,$738.39 
SID185,CUSID185,PID185,10/10/2023,3,$216.96 
SID186,CUSID186,PID186,6/24/2023,4,$161.08 
SID187,CUSID187,PID187,6/18/2023,4,$886.09 
SID188,CUSID188,PID188,12/2/2023,2,$818.63 
SID189,CUSID189,PID189,2/27/2023,4,$6.06 
SID190,CUSID190,PID190,2/7/2024,4,$221.19 
SID191,CUSID191,PID191,8/1/2023,4,$700.51 
SID192,CUSID192,PID192,8/26/2023,4,$58.44 
SID193,CUSID193,PID193,3/4/2023,3,$206.37 
SID194,CUSID194,PID194,6/13/2023,4,$147.83 
SID195,CUSID195,PID195,3/21/2023,3,$76.41 
SID196,CUSID196,PID196,8/4/2023,2,$629.14 
SID197,CUSID197,PID197,3/1/2023,3,$202.29 
SID198,CUSID198,PID198,7/19/2023,3,$815.81 
SID199,CUSID199,PID199,4/27/2023,4,$566.40 
SID200,CUSID200,PID200,11/20/2023,4,$365.40 
SID201,CUSID201,PID201,4/24/2023,5,$632.89 
SID202,CUSID202,PID202,2/17/2024,3,$741.44 
SID203,CUSID203,PID203,5/10/2023,2,$749.72 
SID204,CUSID204,PID204,3/18/2023,3,$822.26 
SID205,CUSID205,PID205,10/25/2023,4,$630.76 
SID206,CUSID206,PID206,1/14/2024,4,$179.39 
SID207,CUSID207,PID207,2/9/2024,2,$35.21 
SID208,CUSID208,PID208,10/7/2023,5,$705.37 
SID209,CUSID209,PID209,9/6/2023,2,$829.88 
SID210,CUSID210,PID210,8/11/2023,4,$505.84 
SID211,CUSID211,PID211,12/15/2023,2,$520.45 
SID212,CUSID212,PID212,3/25/2023,5,$48.47 
SID213,CUSID213,PID213,2/2/2024,2,$273.22 
SID214,CUSID214,PID214,10/5/2023,2,$282.13 
SID215,CUSID215,PID215,11/25/2023,5,$244.23 
SID216,CUSID216,PID216,4/18/2023,5,$723.72 
SID217,CUSID217,PID217,10/4/2023,5,$878.84 
SID218,CUSID218,PID218,10/20/2023,4,$689.73 
SID219,CUSID219,PID219,5/6/2023,3,$895.71 
SID220,CUSID220,PID220,10/2/2023,4,$41.60 
SID221,CUSID221,PID221,9/25/2023,4,$261.39 
SID222,CUSID222,PID222,1/30/2024,5,$0.22 
SID223,CUSID223,PID223,11/15/2023,4,$791.86 
SID224,CUSID224,PID224,9/29/2023,5,$78.77 
SID225,CUSID225,PID225,4/9/2023,4,$193.66 
SID226,CUSID226,PID226,2/20/2023,4,$486.73 
SID227,CUSID227,PID227,4/30/2023,4,$80.75 
SID228,CUSID228,PID228,3/1/2023,3,$235.32 
SID229,CUSID229,PID229,3/20/2023,5,$686.28 
SID230,CUSID230,PID230,1/22/2024,2,$419.89 
SID231,CUSID231,PID231,9/7/2023,3,$266.87 
SID232,CUSID232,PID232,11/4/2023,5,$759.19 
SID233,CUSID233,PID233,2/22/2023,2,$465.33 
SID234,CUSID234,PID234,5/6/2023,5,$657.51 
SID235,CUSID235,PID235,1/26/2024,5,$787.18 
SID236,CUSID236,PID236,4/2/2023,3,$404.77 
SID237,CUSID237,PID237,5/14/2023,3,$635.82 
SID238,CUSID238,PID238,8/25/2023,5,$111.74 
SID239,CUSID239,PID239,10/29/2023,2,$757.59 
SID240,CUSID240,PID240,3/7/2023,4,$455.14 
SID241,CUSID241,PID241,5/7/2023,2,$655.69 
SID242,CUSID242,PID242,5/18/2023,3,$872.34 
SID243,CUSID243,PID243,4/12/2023,3,$675.57 
SID244,CUSID244,PID244,12/12/2023,5,$355.32 
SID245,CUSID245,PID245,5/7/2023,5,$132.76 
SID246,CUSID246,PID246,1/7/2024,4,$748.57 
SID247,CUSID247,PID247,9/29/2023,2,$363.66 
SID248,CUSID248,PID248,2/21/2023,3,$34.60 
SID249,CUSID249,PID249,6/14/2023,2,$639.93 
SID250,CUSID250,PID250,2/25/2023,3,$607.58 
SID251,CUSID251,PID251,12/28/2023,4,$784.43 
SID252,CUSID252,PID252,10/21/2023,5,$541.10 
SID253,CUSID253,PID253,12/22/2023,4,$845.33 
SID254,CUSID254,PID254,7/28/2023,5,$740.20 
SID255,CUSID255,PID255,3/2/2023,2,$806.77 
SID256,CUSID256,PID256,6/27/2023,2,$226.79 
SID257,CUSID257,PID257,11/20/2023,3,$745.38 
SID258,CUSID258,PID258,5/13/2023,5,$428.79 
SID259,CUSID259,PID259,3/10/2023,4,$52.77 
SID260,CUSID260,PID260,8/27/2023,5,$43.93 
SID261,CUSID261,PID261,4/13/2023,5,$703.57 
SID262,CUSID262,PID262,8/2/2023,5,$3.70 
SID263,CUSID263,PID263,2/8/2024,2,$488.63 
SID264,CUSID264,PID264,12/19/2023,3,$368.90 
SID265,CUSID265,PID265,5/21/2023,3,$784.39 
SID266,CUSID266,PID266,11/16/2023,3,$566.08 
SID267,CUSID267,PID267,4/19/2023,5,$596.48 
SID268,CUSID268,PID268,3/28/2023,5,$68.28 
SID269,CUSID269,PID269,11/10/2023,2,$443.26 
SID270,CUSID270,PID270,3/24/2023,4,$447.44 
SID271,CUSID271,PID271,6/7/2023,3,$765.34 
SID272,CUSID272,PID272,4/23/2023,3,$317.68 
SID273,CUSID273,PID273,9/15/2023,5,$158.42 
SID274,CUSID274,PID274,7/29/2023,2,$840.43 
SID275,CUSID275,PID275,7/11/2023,2,$255.65 
SID276,CUSID276,PID276,6/14/2023,4,$636.52 
SID277,CUSID277,PID277,8/13/2023,5,$224.89 
SID278,CUSID278,PID278,5/8/2023,4,$41.74 
SID279,CUSID279,PID279,4/27/2023,4,$608.77 
SID280,CUSID280,PID280,5/22/2023,5,$891.88 
SID281,CUSID281,PID281,12/6/2023,4,$248.56 
SID282,CUSID282,PID282,6/26/2023,4,$108.04 
SID283,CUSID283,PID283,11/15/2023,5,$402.29 
SID284,CUSID284,PID284,11/13/2023,2,$663.22 
SID285,CUSID285,PID285,10/15/2023,4,$108.10 
SID286,CUSID286,PID286,6/8/2023,4,$364.17 
SID287,CUSID287,PID287,3/11/2023,2,$878.60 
SID288,CUSID288,PID288,11/9/2023,3,$421.53 
SID289,CUSID289,PID289,9/3/2023,2,$212.82 
SID290,CUSID290,PID290,12/22/2023,2,$280.79 
SID291,CUSID291,PID291,3/25/2023,3,$242.28 
SID292,CUSID292,PID292,9/11/2023,2,$383.40 
SID293,CUSID293,PID293,6/20/2023,4,$715.03 
SID294,CUSID294,PID294,4/15/2023,2,$370.07 
SID295,CUSID295,PID295,9/6/2023,3,$852.72 
SID296,CUSID296,PID296,11/27/2023,4,$396.87 
SID297,CUSID297,PID297,11/27/2023,3,$755.57 
SID298,CUSID298,PID298,2/12/2024,2,$66.26 
SID299,CUSID299,PID299,1/14/2024,5,$238.96 
SID300,CUSID300,PID300,5/29/2023,2,$833.55 
SID301,CUSID301,PID301,3/31/2023,5,$207.47 
SID302,CUSID302,PID302,8/27/2023,3,$190.40 
SID303,CUSID303,PID303,3/25/2023,2,$379.76 
SID304,CUSID304,PID304,5/6/2023,5,$317.59 
SID305,CUSID305,PID305,10/29/2023,4,$883.21 
SID306,CUSID306,PID306,7/16/2023,5,$490.49 
SID307,CUSID307,PID307,8/17/2023,2,$33.92 
SID308,CUSID308,PID308,7/1/2023,5,$193.85 
SID309,CUSID309,PID309,2/5/2024,3,$202.13 
SID310,CUSID310,PID310,3/26/2023,3,$654.90 
SID311,CUSID311,PID311,4/20/2023,5,$809.89 
SID312,CUSID312,PID312,12/25/2023,5,$718.51 
SID313,CUSID313,PID313,1/14/2024,2,$259.92 
SID314,CUSID314,PID314,10/21/2023,4,$136.45 
SID315,CUSID315,PID315,9/25/2023,2,$231.76 
SID316,CUSID316,PID316,6/5/2023,4,$115.98 
SID317,CUSID317,PID317,1/14/2024,2,$752.86 
SID318,CUSID318,PID318,6/21/2023,3,$420.65 
SID319,CUSID319,PID319,7/16/2023,2,$494.08 
SID320,CUSID320,PID320,3/12/2023,5,$866.62 
SID321,CUSID321,PID321,3/21/2023,4,$134.38 
SID322,CUSID322,PID322,9/22/2023,3,$139.70 
SID323,CUSID323,PID323,7/20/2023,2,$748.10 
SID324,CUSID324,PID324,6/28/2023,3,$93.77 
SID325,CUSID325,PID325,12/6/2023,2,$642.57 
SID326,CUSID326,PID326,10/31/2023,2,$78.25 
SID327,CUSID327,PID327,10/4/2023,3,$690.66 
SID328,CUSID328,PID328,5/26/2023,5,$397.59 
SID329,CUSID329,PID329,1/10/2024,5,$286.70 
SID330,CUSID330,PID330,9/8/2023,3,$144.94 
SID331,CUSID331,PID331,3/6/2023,3,$855.24 
SID332,CUSID332,PID332,8/9/2023,2,$505.44 
SID333,CUSID333,PID333,9/23/2023,5,$772.57 
SID334,CUSID334,PID334,1/8/2024,2,$348.97 
SID335,CUSID335,PID335,3/5/2023,2,$465.07 
SID336,CUSID336,PID336,3/11/2023,5,$716.57 
SID337,CUSID337,PID337,4/18/2023,4,$331.00 
SID338,CUSID338,PID338,2/12/2024,5,$346.37 
SID339,CUSID339,PID339,10/22/2023,3,$769.91 
SID340,CUSID340,PID340,4/16/2023,5,$446.66 
SID341,CUSID341,PID341,5/18/2023,2,$285.26 
SID342,CUSID342,PID342,8/24/2023,3,$197.99 
SID343,CUSID343,PID343,5/17/2023,5,$697.98 
SID344,CUSID344,PID344,6/9/2023,4,$490.86 
SID345,CUSID345,PID345,12/22/2023,2,$290.98 
SID346,CUSID346,PID346,12/11/2023,4,$421.34 
SID347,CUSID347,PID347,3/19/2023,4,$274.90 
SID348,CUSID348,PID348,9/15/2023,3,$544.36 
SID349,CUSID349,PID349,6/8/2023,4,$439.57 
SID350,CUSID350,PID350,12/23/2023,5,$761.06 
SID351,CUSID351,PID351,4/9/2023,3,$402.23 
SID352,CUSID352,PID352,12/22/2023,2,$531.17 
SID353,CUSID353,PID353,11/6/2023,2,$123.41 
SID354,CUSID354,PID354,4/9/2023,4,$595.74 
SID355,CUSID355,PID355,4/8/2023,5,$335.49 
SID356,CUSID356,PID356,9/21/2023,2,$612.10 
SID357,CUSID357,PID357,7/27/2023,4,$486.97 
SID358,CUSID358,PID358,4/5/2023,4,$804.40 
SID359,CUSID359,PID359,8/30/2023,4,$823.87 
SID360,CUSID360,PID360,10/11/2023,3,$719.91 
SID361,CUSID361,PID361,6/14/2023,5,$846.46 
SID362,CUSID362,PID362,2/18/2024,3,$293.72 
SID363,CUSID363,PID363,12/18/2023,5,$144.69 
SID364,CUSID364,PID364,9/14/2023,5,$687.21 
SID365,CUSID365,PID365,6/3/2023,4,$660.66 
SID366,CUSID366,PID366,4/14/2023,4,$679.56 
SID367,CUSID367,PID367,11/3/2023,5,$254.92 
SID368,CUSID368,PID368,2/27/2023,2,$644.00 
SID369,CUSID369,PID369,4/2/2023,3,$567.29 
SID370,CUSID370,PID370,3/15/2023,2,$113.01 
SID371,CUSID371,PID371,7/7/2023,3,$286.58 
SID372,CUSID372,PID372,4/5/2023,5,$747.66 
SID373,CUSID373,PID373,10/12/2023,3,$695.07 
SID374,CUSID374,PID374,3/23/2023,5,$26.94 
SID375,CUSID375,PID375,8/15/2023,4,$633.97 
SID376,CUSID376,PID376,1/14/2024,2,$580.54 
SID377,CUSID377,PID377,5/24/2023,4,$351.15 
SID378,CUSID378,PID378,3/26/2023,4,$17.66 
SID379,CUSID379,PID379,7/12/2023,2,$645.52 
SID380,CUSID380,PID380,10/13/2023,5,$757.31 
SID381,CUSID381,PID381,8/11/2023,2,$346.14 
SID382,CUSID382,PID382,8/6/2023,3,$779.05 
SID383,CUSID383,PID383,9/6/2023,5,$123.45 
SID384,CUSID384,PID384,1/26/2024,3,$394.71 
SID385,CUSID385,PID385,9/5/2023,5,$506.64 
SID386,CUSID386,PID386,11/30/2023,5,$589.20 
SID387,CUSID387,PID387,11/1/2023,2,$238.52 
SID388,CUSID388,PID388,5/16/2023,5,$86.56 
SID389,CUSID389,PID389,8/27/2023,3,$181.73 
SID390,CUSID390,PID390,6/4/2023,4,$690.32 
SID391,CUSID391,PID391,8/25/2023,2,$435.83 
SID392,CUSID392,PID392,2/19/2024,5,$708.57 
SID393,CUSID393,PID393,6/6/2023,4,$322.53 
SID394,CUSID394,PID394,8/16/2023,3,$843.57 
SID395,CUSID395,PID395,4/14/2023,2,$307.05 
SID396,CUSID396,PID396,3/24/2023,4,$319.98 
SID397,CUSID397,PID397,6/19/2023,5,$96.89 
SID398,CUSID398,PID398,12/22/2023,3,$169.30 
SID399,CUSID399,PID399,12/23/2023,4,$558.69 
SID400,CUSID400,PID400,11/29/2023,2,$571.41 
SID401,CUSID401,PID401,1/5/2024,3,$709.41 
SID402,CUSID402,PID402,2/3/2024,3,$826.02 
SID403,CUSID403,PID403,3/14/2023,2,$400.11 
SID404,CUSID404,PID404,5/4/2023,3,$199.61 
SID405,CUSID405,PID405,10/1/2023,5,$790.47 
SID406,CUSID406,PID406,8/18/2023,2,$123.88 
SID407,CUSID407,PID407,6/30/2023,4,$122.40 
SID408,CUSID408,PID408,6/10/2023,4,$11.08 
SID409,CUSID409,PID409,8/17/2023,4,$534.31 
SID410,CUSID410,PID410,4/4/2023,5,$443.01 
SID411,CUSID411,PID411,12/27/2023,5,$534.38 
SID412,CUSID412,PID412,5/31/2023,2,$591.64 
SID413,CUSID413,PID413,12/16/2023,2,$694.00 
SID414,CUSID414,PID414,9/22/2023,5,$247.12 
SID415,CUSID415,PID415,2/5/2024,3,$348.85 
SID416,CUSID416,PID416,11/29/2023,3,$131.62 
SID417,CUSID417,PID417,3/16/2023,3,$302.26 
SID418,CUSID418,PID418,3/29/2023,4,$678.99 
SID419,CUSID419,PID419,1/27/2024,2,$18.43 
SID420,CUSID420,PID420,6/30/2023,5,$23.45 
SID421,CUSID421,PID421,4/14/2023,4,$466.00 
SID422,CUSID422,PID422,1/16/2024,5,$658.18 
SID423,CUSID423,PID423,7/19/2023,5,$41.92 
SID424,CUSID424,PID424,7/15/2023,5,$431.74 
SID425,CUSID425,PID425,8/31/2023,4,$171.58 
SID426,CUSID426,PID426,5/10/2023,2,$651.57 
SID427,CUSID427,PID427,3/2/2023,2,$338.12 
SID428,CUSID428,PID428,2/13/2024,5,$668.10 
SID429,CUSID429,PID429,7/6/2023,4,$740.81 
SID430,CUSID430,PID430,11/18/2023,3,$656.96 
SID431,CUSID431,PID431,2/6/2024,2,$705.93 
SID432,CUSID432,PID432,6/5/2023,2,$251.76 
SID433,CUSID433,PID433,1/10/2024,3,$147.12 
SID434,CUSID434,PID434,9/14/2023,5,$681.72 
SID435,CUSID435,PID435,6/19/2023,4,$169.29 
SID436,CUSID436,PID436,6/22/2023,4,$178.46 
SID437,CUSID437,PID437,1/19/2024,4,$782.86 
SID438,CUSID438,PID438,11/16/2023,4,$459.39 
SID439,CUSID439,PID439,10/10/2023,2,$192.38 
SID440,CUSID440,PID440,9/5/2023,5,$649.36 
SID441,CUSID441,PID441,5/28/2023,5,$552.04 
SID442,CUSID442,PID442,7/3/2023,3,$786.09 
SID443,CUSID443,PID443,4/27/2023,3,$751.50 
SID444,CUSID444,PID444,11/8/2023,2,$833.76 
SID445,CUSID445,PID445,1/8/2024,5,$647.69 
SID446,CUSID446,PID446,5/7/2023,3,$143.14 
SID447,CUSID447,PID447,9/17/2023,3,$78.39 
SID448,CUSID448,PID448,12/6/2023,4,$554.60 
SID449,CUSID449,PID449,7/22/2023,3,$85.80 
SID450,CUSID450,PID450,7/29/2023,2,$433.52 
SID451,CUSID451,PID451,10/17/2023,2,$138.74 
SID452,CUSID452,PID452,5/15/2023,5,$726.50 
SID453,CUSID453,PID453,3/7/2023,4,$128.00 
SID454,CUSID454,PID454,1/10/2024,3,$604.56 
SID455,CUSID455,PID455,3/11/2023,2,$57.42 
SID456,CUSID456,PID456,11/1/2023,2,$323.15 
SID457,CUSID457,PID457,7/30/2023,3,$590.64 
SID458,CUSID458,PID458,10/25/2023,2,$545.93 
SID459,CUSID459,PID459,9/7/2023,4,$268.44 
SID460,CUSID460,PID460,5/26/2023,2,$188.28 
SID461,CUSID461,PID461,6/6/2023,2,$360.18 
SID462,CUSID462,PID462,8/28/2023,3,$459.77 
SID463,CUSID463,PID463,10/23/2023,4,$594.62 
SID464,CUSID464,PID464,10/26/2023,3,$719.86 
SID465,CUSID465,PID465,10/25/2023,4,$231.46 
SID466,CUSID466,PID466,9/13/2023,2,$739.45 
SID467,CUSID467,PID467,9/18/2023,2,$165.78 
SID468,CUSID468,PID468,8/24/2023,4,$737.06 
SID469,CUSID469,PID469,11/9/2023,3,$62.77 
SID470,CUSID470,PID470,12/29/2023,3,$54.58 
SID471,CUSID471,PID471,7/17/2023,3,$768.03 
SID472,CUSID472,PID472,5/1/2023,4,$188.36 
SID473,CUSID473,PID473,4/29/2023,2,$849.02 
SID474,CUSID474,PID474,9/16/2023,4,$533.84 
SID475,CUSID475,PID475,3/30/2023,5,$372.32 
SID476,CUSID476,PID476,12/25/2023,2,$360.49 
SID477,CUSID477,PID477,6/12/2023,2,$324.06 
SID478,CUSID478,PID478,7/20/2023,3,$613.11 
SID479,CUSID479,PID479,1/2/2024,3,$435.06 
SID480,CUSID480,PID480,6/20/2023,5,$529.76 
SID481,CUSID481,PID481,7/18/2023,5,$568.97 
SID482,CUSID482,PID482,3/10/2023,2,$738.39 
SID483,CUSID483,PID483,9/9/2023,4,$855.21 
SID484,CUSID484,PID484,6/15/2023,3,$810.17 
SID485,CUSID485,PID485,12/5/2023,2,$230.13 
SID486,CUSID486,PID486,9/8/2023,5,$350.85 
SID487,CUSID487,PID487,5/12/2023,3,$891.13 
SID488,CUSID488,PID488,10/31/2023,4,$185.35 
SID489,CUSID489,PID489,12/19/2023,5,$400.16 
SID490,CUSID490,PID490,2/13/2024,4,$127.65 
SID491,CUSID491,PID491,4/2/2023,3,$333.88 
SID492,CUSID492,PID492,3/31/2023,4,$499.44 
SID493,CUSID493,PID493,9/3/2023,5,$241.40 
SID494,CUSID494,PID494,6/28/2023,5,$348.03 
SID495,CUSID495,PID495,12/12/2023,5,$623.84 
SID496,CUSID496,PID496,3/8/2023,4,$439.01 
SID497,CUSID497,PID497,11/28/2023,5,$19.65 
SID498,CUSID498,PID498,12/6/2023,4,$531.27 
SID499,CUSID499,PID499,2/4/2024,5,$19.24 
SID500,CUSID500,PID500,11/26/2023,3,$437.84 
SID501,CUSID501,PID362,1/27/2024,3,$307.24 
SID502,CUSID502,PID363,2/1/2024,2,$868.60 
SID503,CUSID503,PID364,3/27/2023,2,$267.21 
SID504,CUSID504,PID365,9/29/2023,5,$612.11 
SID505,CUSID505,PID366,7/25/2023,2,$874.17 
SID506,CUSID506,PID367,12/2/2023,5,$814.62 
SID507,CUSID507,PID368,7/20/2023,3,$673.89 
SID508,CUSID508,PID369,8/18/2023,5,$857.94 
SID509,CUSID509,PID370,11/14/2023,2,$618.51 
SID510,CUSID510,PID371,7/28/2023,3,$306.78 
SID511,CUSID511,PID372,1/1/2024,3,$417.13 
SID512,CUSID512,PID373,11/17/2023,2,$360.27 
SID513,CUSID513,PID374,4/14/2023,2,$485.75 
SID514,CUSID514,PID375,11/15/2023,3,$846.03 
SID515,CUSID515,PID376,4/29/2023,4,$241.21 
SID516,CUSID516,PID377,7/24/2023,3,$410.30 
SID517,CUSID517,PID378,1/23/2024,2,$39.26 
SID518,CUSID518,PID379,4/23/2023,2,$422.60 
SID519,CUSID519,PID380,2/21/2023,2,$821.00 
SID520,CUSID520,PID381,11/2/2023,3,$718.12 
SID521,CUSID521,PID382,9/25/2023,4,$127.92 
SID522,CUSID522,PID383,10/27/2023,4,$229.80 
SID523,CUSID523,PID384,2/14/2024,5,$586.69 
SID524,CUSID524,PID385,5/12/2023,4,$743.73 
SID525,CUSID525,PID386,2/3/2024,4,$186.30 
SID526,CUSID526,PID387,3/30/2023,4,$401.53 
SID527,CUSID527,PID388,6/10/2023,3,$748.68 
SID528,CUSID528,PID389,11/18/2023,4,$484.94 
SID529,CUSID529,PID390,5/2/2023,4,$417.46 
SID530,CUSID530,PID391,3/22/2023,3,$654.31 
SID531,CUSID531,PID392,12/31/2023,5,$675.68 
SID532,CUSID532,PID393,4/30/2023,2,$733.78 
SID533,CUSID533,PID394,8/25/2023,5,$552.50 
SID534,CUSID534,PID395,9/6/2023,2,$26.56 
SID535,CUSID535,PID396,9/28/2023,3,$595.46 
SID536,CUSID536,PID397,5/22/2023,5,$649.00 
SID537,CUSID537,PID209,11/25/2023,2,$396.95 
SID538,CUSID538,PID210,9/14/2023,4,$500.86 
SID539,CUSID539,PID211,9/21/2023,2,$662.76 
SID540,CUSID540,PID212,1/20/2024,4,$252.46 
SID541,CUSID541,PID213,10/25/2023,4,$743.63 
SID542,CUSID542,PID214,11/23/2023,2,$354.30 
SID543,CUSID543,PID215,10/20/2023,2,$207.16 
SID544,CUSID544,PID216,5/17/2023,2,$650.67 
SID545,CUSID545,PID217,4/8/2023,3,$895.56 
SID546,CUSID546,PID218,5/3/2023,5,$164.32 
SID547,CUSID547,PID219,9/21/2023,2,$709.14 
SID548,CUSID548,PID220,9/18/2023,5,$711.76 
SID549,CUSID549,PID221,6/7/2023,2,$325.27 
SID550,CUSID550,PID222,2/14/2024,5,$898.75 
SID551,CUSID551,PID223,3/15/2023,5,$644.13 
SID552,CUSID552,PID224,12/19/2023,5,$889.52 
SID553,CUSID553,PID225,9/18/2023,2,$800.14 
SID554,CUSID554,PID226,10/13/2023,4,$780.86 
SID555,CUSID555,PID227,8/24/2023,5,$642.23 
SID556,CUSID556,PID228,12/18/2023,4,$566.44 
SID557,CUSID557,PID229,1/12/2024,4,$284.55 
SID558,CUSID558,PID230,8/22/2023,3,$669.84 
SID559,CUSID559,PID231,11/16/2023,3,$302.95 
SID560,CUSID560,PID232,1/29/2024,2,$774.68 
SID561,CUSID561,PID233,11/2/2023,5,$567.66 
SID562,CUSID562,PID234,12/10/2023,3,$862.95 
SID563,CUSID563,PID235,2/28/2023,2,$234.57 
SID564,CUSID564,PID236,11/10/2023,3,$335.05 
SID565,CUSID565,PID237,8/9/2023,3,$422.94 
SID566,CUSID566,PID238,7/30/2023,3,$27.65 
SID567,CUSID567,PID239,6/9/2023,5,$84.65 
SID568,CUSID568,PID240,1/28/2024,3,$40.31 
SID569,CUSID569,PID241,2/25/2023,2,$867.05 
SID570,CUSID570,PID242,8/5/2023,5,$812.20 
SID571,CUSID571,PID243,11/3/2023,3,$643.29 
SID572,CUSID572,PID244,1/22/2024,2,$53.06 
SID573,CUSID573,PID245,6/19/2023,3,$174.86 
SID574,CUSID574,PID246,8/3/2023,3,$882.50 
SID575,CUSID575,PID247,5/11/2023,2,$198.59 
SID576,CUSID576,PID248,8/23/2023,3,$603.03 
SID577,CUSID577,PID249,10/21/2023,2,$253.34 
SID578,CUSID578,PID250,6/8/2023,5,$174.39 
SID579,CUSID579,PID251,3/6/2023,3,$43.52 
SID580,CUSID580,PID252,7/28/2023,3,$656.69 
SID581,CUSID581,PID253,11/23/2023,5,$888.22 
SID582,CUSID582,PID254,12/24/2023,2,$187.41 
SID583,CUSID583,PID255,10/6/2023,5,$197.79 
SID584,CUSID584,PID256,3/9/2023,4,$233.96 
SID585,CUSID585,PID257,5/12/2023,2,$594.47 
SID586,CUSID586,PID258,9/11/2023,3,$331.26 
SID587,CUSID587,PID259,5/3/2023,3,$171.80 
SID588,CUSID588,PID260,6/8/2023,2,$498.68 
SID589,CUSID589,PID261,8/10/2023,5,$732.18 
SID590,CUSID590,PID1,8/9/2023,4,$221.54 
SID591,CUSID591,PID2,8/29/2023,3,$565.87 
SID592,CUSID592,PID3,5/19/2023,2,$485.60 
SID593,CUSID593,PID4,3/22/2023,5,$873.09 
SID594,CUSID594,PID5,1/23/2024,3,$838.72 
SID595,CUSID595,PID6,5/20/2023,3,$698.92 
SID596,CUSID596,PID7,5/19/2023,3,$824.38 
SID597,CUSID597,PID8,4/28/2023,2,$219.22 
SID598,CUSID598,PID9,12/27/2023,3,$77.08 
SID599,CUSID599,PID10,5/5/2023,2,$441.90 
SID600,CUSID600,PID11,2/10/2024,2,$262.44 
SID601,CUSID601,PID12,9/26/2023,4,$421.26 
SID602,CUSID602,PID13,9/15/2023,2,$87.39 
SID603,CUSID603,PID14,9/8/2023,3,$218.73 
SID604,CUSID604,PID15,4/28/2023,5,$876.86 
SID605,CUSID605,PID16,4/29/2023,5,$725.28 
SID606,CUSID606,PID17,12/19/2023,3,$485.75 
SID607,CUSID607,PID18,1/1/2024,5,$660.44 
SID608,CUSID608,PID19,7/11/2023,2,$345.37 
SID609,CUSID609,PID20,4/25/2023,4,$766.53 
SID610,CUSID610,PID21,8/11/2023,2,$228.83 
SID611,CUSID611,PID22,3/20/2023,3,$20.30 
SID612,CUSID612,PID23,5/22/2023,4,$229.85 
SID613,CUSID613,PID24,7/20/2023,2,$633.36 
SID614,CUSID614,PID25,7/28/2023,5,$11.21 
SID615,CUSID615,PID26,3/29/2023,5,$318.44 
SID616,CUSID616,PID27,7/24/2023,3,$375.09 
SID617,CUSID617,PID28,3/19/2023,2,$535.58 
SID618,CUSID618,PID29,9/18/2023,3,$845.75 
SID619,CUSID619,PID30,2/18/2024,2,$440.89 
SID620,CUSID620,PID31,5/1/2023,2,$296.26 
SID621,CUSID621,PID32,3/11/2023,4,$881.80 
SID622,CUSID622,PID33,6/4/2023,2,$180.30 
SID623,CUSID623,PID34,8/22/2023,3,$116.66 
SID624,CUSID624,PID35,4/25/2023,2,$408.81 
SID625,CUSID625,PID36,9/21/2023,5,$861.76 
SID626,CUSID626,PID37,11/14/2023,4,$335.17 
SID627,CUSID627,PID38,11/12/2023,4,$247.26 
SID628,CUSID628,PID39,2/2/2024,5,$888.06 
SID629,CUSID629,PID40,2/6/2024,4,$704.52 
SID630,CUSID630,PID41,7/18/2023,3,$688.81 
SID631,CUSID631,PID42,10/25/2023,4,$32.10 
SID632,CUSID632,PID43,9/21/2023,2,$643.51 
SID633,CUSID633,PID44,4/2/2023,5,$466.31 
SID634,CUSID634,PID45,12/6/2023,5,$84.99 
SID635,CUSID635,PID46,11/25/2023,4,$727.18 
SID636,CUSID636,PID47,4/7/2023,3,$545.26 
SID637,CUSID637,PID48,7/20/2023,5,$650.77 
SID638,CUSID638,PID49,9/19/2023,5,$662.05 
SID639,CUSID639,PID50,5/24/2023,5,$392.11 
SID640,CUSID640,PID51,11/25/2023,4,$156.40 
SID641,CUSID641,PID52,2/11/2024,3,$762.40 
SID642,CUSID642,PID53,9/24/2023,2,$401.62 
SID643,CUSID643,PID54,7/16/2023,4,$472.13 
SID644,CUSID644,PID55,6/8/2023,5,$752.63 
SID645,CUSID645,PID56,8/27/2023,3,$898.43 
SID646,CUSID646,PID57,4/18/2023,5,$547.06 
SID647,CUSID647,PID58,9/11/2023,4,$399.42 
SID648,CUSID648,PID59,6/1/2023,3,$382.38 
SID649,CUSID649,PID60,3/19/2023,4,$88.89 
SID650,CUSID650,PID61,4/12/2023,4,$585.29 
SID651,CUSID651,PID62,2/10/2024,2,$846.30 
SID652,CUSID652,PID63,2/16/2024,2,$773.09 
SID653,CUSID653,PID64,4/5/2023,4,$524.35 
SID654,CUSID654,PID65,8/13/2023,3,$671.61 
SID655,CUSID655,PID66,7/11/2023,4,$632.99 
SID656,CUSID656,PID67,2/14/2024,4,$860.15 
SID657,CUSID657,PID68,2/12/2024,4,$157.93 
SID658,CUSID658,PID69,9/29/2023,5,$645.79 
SID659,CUSID659,PID70,10/4/2023,3,$783.60 
SID660,CUSID660,PID71,3/29/2023,4,$351.65 
SID661,CUSID661,PID72,7/6/2023,2,$599.59 
SID662,CUSID662,PID73,10/21/2023,2,$371.31 
SID663,CUSID663,PID74,11/1/2023,2,$366.19 
SID664,CUSID664,PID75,3/15/2023,2,$188.02 
SID665,CUSID665,PID76,1/8/2024,5,$853.73 
SID666,CUSID666,PID77,3/11/2023,3,$733.61 
SID667,CUSID667,PID78,3/1/2023,4,$114.29 
SID668,CUSID668,PID79,1/14/2024,2,$683.48 
SID669,CUSID669,PID80,7/6/2023,4,$882.89 
SID670,CUSID670,PID81,5/21/2023,5,$631.40 
SID671,CUSID671,PID82,8/8/2023,4,$376.28 
SID672,CUSID672,PID83,12/7/2023,3,$723.76 
SID673,CUSID673,PID84,9/5/2023,5,$555.97 
SID674,CUSID674,PID85,1/4/2024,3,$659.01 
SID675,CUSID675,PID86,4/13/2023,5,$460.36 
SID676,CUSID676,PID87,3/5/2023,4,$177.72 
SID677,CUSID677,PID88,6/27/2023,3,$808.10 
SID678,CUSID678,PID89,4/13/2023,4,$366.60 
SID679,CUSID679,PID90,5/1/2023,3,$833.59 
SID680,CUSID680,PID91,12/26/2023,2,$15.47 
SID681,CUSID681,PID92,11/20/2023,3,$668.95 
SID682,CUSID682,PID93,7/9/2023,2,$825.57 
SID683,CUSID683,PID94,11/15/2023,4,$694.05 
SID684,CUSID684,PID95,8/13/2023,2,$619.78 
SID685,CUSID685,PID96,1/19/2024,5,$152.85 
SID686,CUSID686,PID97,3/8/2023,5,$792.74 
SID687,CUSID687,PID98,5/9/2023,4,$4.84 
SID688,CUSID688,PID99,6/3/2023,5,$477.28 
SID689,CUSID689,PID100,8/8/2023,5,$683.07 
SID690,CUSID690,PID101,4/17/2023,4,$522.47 
SID691,CUSID691,PID102,10/18/2023,2,$503.85 
SID692,CUSID692,PID103,8/24/2023,3,$812.50 
SID693,CUSID693,PID104,7/7/2023,2,$400.12 
SID694,CUSID694,PID105,3/31/2023,4,$880.57 
SID695,CUSID695,PID106,4/15/2023,5,$511.56 
SID696,CUSID696,PID107,2/13/2024,3,$115.21 
SID697,CUSID697,PID108,4/25/2023,3,$114.86 
SID698,CUSID698,PID109,8/17/2023,3,$95.71 
SID699,CUSID699,PID110,11/13/2023,3,$188.90 
SID700,CUSID700,PID111,8/25/2023,2,$536.80 
SID701,CUSID701,PID112,2/15/2024,5,$111.13 
SID702,CUSID702,PID113,10/13/2023,4,$285.09 
SID703,CUSID703,PID114,8/7/2023,2,$545.90 
SID704,CUSID704,PID115,11/9/2023,2,$527.36 
SID705,CUSID705,PID116,12/10/2023,4,$572.33 
SID706,CUSID706,PID117,6/13/2023,3,$688.16 
SID707,CUSID707,PID118,9/18/2023,3,$546.11 
SID708,CUSID708,PID119,2/4/2024,4,$879.00 
SID709,CUSID709,PID120,1/11/2024,2,$468.33 
SID710,CUSID710,PID121,7/6/2023,4,$528.78 
SID711,CUSID711,PID122,11/17/2023,5,$805.26 
SID712,CUSID712,PID123,10/26/2023,5,$358.58 
SID713,CUSID713,PID124,9/2/2023,3,$290.92 
SID714,CUSID714,PID125,4/29/2023,4,$541.02 
SID715,CUSID715,PID126,9/10/2023,2,$351.56 
SID716,CUSID716,PID127,2/3/2024,5,$728.34 
SID717,CUSID717,PID128,10/10/2023,2,$814.46 
SID718,CUSID718,PID129,4/20/2023,2,$837.40 
SID719,CUSID719,PID130,6/6/2023,4,$859.41 
SID720,CUSID720,PID131,5/13/2023,4,$556.34 
SID721,CUSID721,PID132,12/28/2023,5,$882.59 
SID722,CUSID722,PID133,3/12/2023,3,$396.02 
SID723,CUSID723,PID134,3/3/2023,3,$84.00 
SID724,CUSID724,PID135,2/19/2024,5,$297.90 
SID725,CUSID725,PID136,4/22/2023,3,$868.78 
SID726,CUSID726,PID137,7/19/2023,5,$828.03 
SID727,CUSID727,PID138,8/3/2023,2,$797.38 
SID728,CUSID728,PID139,9/25/2023,3,$396.29 
SID729,CUSID729,PID140,1/7/2024,2,$733.24 
SID730,CUSID730,PID141,8/28/2023,4,$401.62 
SID731,CUSID731,PID142,10/31/2023,5,$278.60 
SID732,CUSID732,PID143,4/24/2023,4,$655.16 
SID733,CUSID733,PID144,11/24/2023,2,$111.18 
SID734,CUSID734,PID145,3/9/2023,2,$129.78 
SID735,CUSID735,PID146,9/10/2023,2,$877.34 
SID736,CUSID736,PID147,12/20/2023,2,$812.90 
SID737,CUSID737,PID148,4/25/2023,3,$618.70 
SID738,CUSID738,PID149,1/17/2024,3,$294.41 
SID739,CUSID739,PID150,12/21/2023,3,$678.59 
SID740,CUSID740,PID151,11/16/2023,5,$818.35 
SID741,CUSID741,PID152,1/21/2024,2,$187.69 
SID742,CUSID742,PID153,4/17/2023,2,$461.79 
SID743,CUSID743,PID154,11/27/2023,4,$619.46 
SID744,CUSID744,PID155,8/2/2023,4,$152.39 
SID745,CUSID745,PID156,11/19/2023,4,$308.69 
SID746,CUSID746,PID157,2/28/2023,5,$129.25 
SID747,CUSID747,PID158,6/22/2023,5,$538.69 
SID748,CUSID748,PID159,7/31/2023,2,$418.46 
SID749,CUSID749,PID160,8/17/2023,5,$162.33 
SID750,CUSID750,PID161,9/12/2023,3,$247.26 
SID751,CUSID751,PID162,10/3/2023,5,$201.22 
SID752,CUSID752,PID163,8/5/2023,5,$355.59 
SID753,CUSID753,PID164,1/14/2024,4,$85.81 
SID754,CUSID754,PID165,1/29/2024,3,$549.97 
SID755,CUSID755,PID166,11/18/2023,4,$684.89 
SID756,CUSID756,PID167,10/4/2023,5,$736.85 
SID757,CUSID757,PID168,9/2/2023,5,$213.37 
SID758,CUSID758,PID169,10/14/2023,5,$518.74 
SID759,CUSID759,PID170,2/10/2024,3,$39.11 
SID760,CUSID760,PID171,5/9/2023,4,$59.59 
SID761,CUSID761,PID172,5/18/2023,5,$766.42 
SID762,CUSID762,PID173,11/1/2023,4,$274.85 
SID763,CUSID763,PID174,9/8/2023,4,$340.90 
SID764,CUSID764,PID175,9/5/2023,2,$463.43 
SID765,CUSID765,PID176,5/15/2023,4,$837.27 
SID766,CUSID766,PID177,6/30/2023,3,$185.29 
SID767,CUSID767,PID178,6/8/2023,3,$231.83 
SID768,CUSID768,PID179,7/1/2023,2,$263.02 
SID769,CUSID769,PID180,5/5/2023,5,$260.21 
SID770,CUSID770,PID181,6/18/2023,2,$392.54 
SID771,CUSID771,PID182,11/15/2023,5,$80.06 
SID772,CUSID772,PID183,4/11/2023,5,$752.72 
SID773,CUSID773,PID184,8/25/2023,2,$621.21 
SID774,CUSID774,PID185,6/26/2023,3,$457.21 
SID775,CUSID775,PID186,1/10/2024,3,$329.57 
SID776,CUSID776,PID187,7/31/2023,4,$408.93 
SID777,CUSID777,PID188,11/24/2023,2,$463.34 
SID778,CUSID778,PID189,5/27/2023,3,$458.51 
SID779,CUSID779,PID190,4/15/2023,5,$773.26 
SID780,CUSID780,PID191,12/8/2023,4,$714.13 
SID781,CUSID781,PID192,9/26/2023,2,$664.41 
SID782,CUSID782,PID193,1/23/2024,2,$10.34 
SID783,CUSID783,PID194,7/5/2023,2,$137.01 
SID784,CUSID784,PID195,10/18/2023,3,$629.61 
SID785,CUSID785,PID409,12/13/2023,3,$773.19 
SID786,CUSID786,PID410,9/3/2023,4,$28.56 
SID787,CUSID787,PID411,3/29/2023,3,$1.73 
SID788,CUSID788,PID412,3/12/2023,5,$853.72 
SID789,CUSID789,PID413,5/20/2023,5,$449.17 
SID790,CUSID790,PID414,12/3/2023,4,$376.44 
SID791,CUSID791,PID415,5/23/2023,4,$493.08 
SID792,CUSID792,PID416,10/31/2023,2,$303.17 
SID793,CUSID793,PID417,9/1/2023,4,$834.23 
SID794,CUSID794,PID418,11/15/2023,3,$239.21 
SID795,CUSID795,PID419,4/10/2023,5,$287.67 
SID796,CUSID796,PID420,3/18/2023,5,$298.13 
SID797,CUSID797,PID421,6/6/2023,2,$443.40 
SID798,CUSID798,PID422,7/19/2023,3,$313.18 
SID799,CUSID799,PID423,4/24/2023,3,$43.08 
SID800,CUSID800,PID424,5/23/2023,5,$327.22 
SID801,CUSID801,PID425,6/27/2023,2,$826.34 
SID802,CUSID802,PID426,10/12/2023,5,$268.25 
SID803,CUSID803,PID427,10/31/2023,4,$377.05 
SID804,CUSID804,PID428,8/2/2023,5,$555.06 
SID805,CUSID805,PID429,6/24/2023,3,$794.20 
SID806,CUSID806,PID430,6/13/2023,5,$56.92 
SID807,CUSID807,PID431,5/8/2023,2,$413.15 
SID808,CUSID808,PID432,2/26/2023,4,$713.91 
SID809,CUSID809,PID433,3/16/2023,2,$296.76 
SID810,CUSID810,PID434,12/13/2023,4,$76.31 
SID811,CUSID811,PID435,9/17/2023,5,$222.36 
SID812,CUSID812,PID436,10/16/2023,3,$445.06 
SID813,CUSID813,PID437,6/12/2023,3,$20.08 
SID814,CUSID814,PID438,11/14/2023,4,$123.14 
SID815,CUSID815,PID439,5/23/2023,5,$117.75 
SID816,CUSID816,PID440,5/23/2023,3,$553.05 
SID817,CUSID817,PID441,6/7/2023,4,$256.78 
SID818,CUSID818,PID442,5/29/2023,5,$473.29 
SID819,CUSID819,PID443,1/1/2024,3,$49.41 
SID820,CUSID820,PID444,4/9/2023,2,$649.96 
SID821,CUSID821,PID445,5/27/2023,3,$554.85 
SID822,CUSID822,PID446,1/14/2024,5,$87.41 
SID823,CUSID823,PID447,7/18/2023,2,$44.76 
SID824,CUSID824,PID448,12/6/2023,5,$319.44 
SID825,CUSID825,PID449,2/18/2024,2,$101.69 
SID826,CUSID826,PID450,9/27/2023,2,$476.82 
SID827,CUSID827,PID451,3/23/2023,5,$645.50 
SID828,CUSID828,PID452,11/12/2023,4,$638.42 
SID829,CUSID829,PID453,10/15/2023,3,$565.83 
SID830,CUSID830,PID454,1/14/2024,4,$75.45 
SID831,CUSID831,PID455,3/11/2023,3,$443.26 
SID832,CUSID832,PID456,8/19/2023,2,$717.13 
SID833,CUSID833,PID457,4/16/2023,3,$225.77 
SID834,CUSID834,PID458,8/19/2023,4,$32.88 
SID835,CUSID835,PID459,5/6/2023,2,$38.77 
SID836,CUSID836,PID460,8/19/2023,3,$236.52 
SID837,CUSID837,PID461,3/20/2023,3,$36.72 
SID838,CUSID838,PID462,1/29/2024,2,$274.55 
SID839,CUSID839,PID463,6/4/2023,3,$795.12 
SID840,CUSID840,PID464,8/9/2023,2,$108.37 
SID841,CUSID841,PID465,11/9/2023,2,$588.36 
SID842,CUSID842,PID466,5/28/2023,4,$433.94 
SID843,CUSID843,PID467,5/14/2023,4,$96.10 
SID844,CUSID844,PID468,3/15/2023,4,$169.34 
SID845,CUSID845,PID469,9/15/2023,3,$386.83 
SID846,CUSID846,PID470,5/2/2023,4,$456.30 
SID847,CUSID847,PID471,2/9/2024,5,$395.27 
SID848,CUSID848,PID472,9/30/2023,4,$488.85 
SID849,CUSID849,PID473,11/29/2023,3,$254.06 
SID850,CUSID850,PID474,3/13/2023,3,$515.73 
SID851,CUSID851,PID475,2/13/2024,3,$786.57 
SID852,CUSID852,PID476,9/28/2023,5,$280.32 
SID853,CUSID853,PID477,12/23/2023,4,$564.07 
SID854,CUSID854,PID478,10/16/2023,4,$556.66 
SID855,CUSID855,PID479,11/28/2023,5,$368.66 
SID856,CUSID856,PID480,1/6/2024,3,$545.32 
SID857,CUSID857,PID481,5/5/2023,5,$464.35 
SID858,CUSID858,PID482,2/6/2024,4,$772.74 
SID859,CUSID859,PID483,9/11/2023,2,$745.91 
SID860,CUSID860,PID484,11/21/2023,3,$297.82 
SID861,CUSID861,PID485,1/18/2024,5,$342.09 
SID862,CUSID862,PID486,7/30/2023,3,$652.74 
SID863,CUSID863,PID487,4/25/2023,4,$148.92 
SID864,CUSID864,PID488,4/9/2023,5,$20.91 
SID865,CUSID865,PID489,11/26/2023,3,$329.39 
SID866,CUSID866,PID490,10/27/2023,5,$147.40 
SID867,CUSID867,PID491,12/30/2023,5,$430.05 
SID868,CUSID868,PID492,5/10/2023,5,$220.79 
SID869,CUSID869,PID493,7/18/2023,2,$585.79 
SID870,CUSID870,PID494,2/4/2024,3,$246.84 
SID871,CUSID871,PID495,8/12/2023,5,$226.20 
SID872,CUSID872,PID496,1/19/2024,4,$395.52 
SID873,CUSID873,PID497,11/26/2023,5,$738.48 
SID874,CUSID874,PID498,12/1/2023,4,$515.27 
SID875,CUSID875,PID499,5/15/2023,5,$888.90 
SID876,CUSID876,PID500,10/20/2023,5,$239.88 
SID877,CUSID877,PID362,2/8/2024,4,$409.30 
SID878,CUSID878,PID363,8/30/2023,2,$284.91 
SID879,CUSID879,PID364,4/5/2023,5,$756.53 
SID880,CUSID880,PID365,5/11/2023,3,$825.20 
SID881,CUSID881,PID366,6/7/2023,3,$42.17 
SID882,CUSID882,PID367,5/10/2023,4,$39.29 
SID883,CUSID883,PID368,5/7/2023,4,$434.20 
SID884,CUSID884,PID369,7/30/2023,2,$769.67 
SID885,CUSID885,PID370,4/20/2023,3,$659.38 
SID886,CUSID886,PID371,10/20/2023,5,$269.47 
SID887,CUSID887,PID372,6/9/2023,2,$384.77 
SID888,CUSID888,PID373,8/1/2023,4,$100.30 
SID889,CUSID889,PID374,10/14/2023,3,$230.30 
SID890,CUSID890,PID375,12/22/2023,3,$548.03 
SID891,CUSID891,PID376,7/3/2023,5,$139.38 
SID892,CUSID892,PID377,11/4/2023,3,$886.95 
SID893,CUSID893,PID378,7/2/2023,2,$435.26 
SID894,CUSID894,PID379,3/30/2023,3,$138.27 
SID895,CUSID895,PID380,9/6/2023,2,$679.76 
SID896,CUSID896,PID381,5/22/2023,2,$489.50 
SID897,CUSID897,PID382,1/13/2024,5,$240.82 
SID898,CUSID898,PID383,6/4/2023,4,$691.95 
SID899,CUSID899,PID384,10/14/2023,3,$127.77 
SID900,CUSID900,PID385,10/28/2023,3,$721.05 
SID901,CUSID901,PID386,1/22/2024,2,$290.33 
SID902,CUSID902,PID387,10/28/2023,4,$23.09 
SID903,CUSID903,PID388,10/28/2023,4,$137.21 
SID904,CUSID904,PID191,6/8/2023,4,$855.08 
SID905,CUSID905,PID192,7/1/2023,5,$159.76 
SID906,CUSID906,PID193,3/21/2023,4,$279.77 
SID907,CUSID907,PID194,5/20/2023,3,$578.04 
SID908,CUSID908,PID195,12/17/2023,5,$6.84 
SID909,CUSID909,PID409,10/22/2023,5,$896.22 
SID910,CUSID910,PID410,3/26/2023,2,$406.53 
SID911,CUSID911,PID411,6/25/2023,4,$269.63 
SID912,CUSID912,PID412,12/18/2023,2,$187.40 
SID913,CUSID913,PID413,2/15/2024,5,$119.21 
SID914,CUSID914,PID414,9/16/2023,3,$105.30 
SID915,CUSID915,PID415,1/7/2024,5,$333.50 
SID916,CUSID916,PID416,3/21/2023,5,$672.61 
SID917,CUSID917,PID417,11/16/2023,3,$354.21 
SID918,CUSID918,PID418,9/2/2023,4,$698.24 
SID919,CUSID919,PID419,3/19/2023,5,$719.58 
SID920,CUSID920,PID420,11/30/2023,4,$608.09 
SID921,CUSID921,PID421,6/8/2023,2,$339.96 
SID922,CUSID922,PID422,6/23/2023,2,$752.51 
SID923,CUSID923,PID423,10/3/2023,3,$416.77 
SID924,CUSID924,PID424,11/3/2023,4,$741.56 
SID925,CUSID925,PID425,9/5/2023,3,$147.17 
SID926,CUSID926,PID426,8/5/2023,3,$622.27 
SID927,CUSID927,PID427,11/12/2023,2,$546.40 
SID928,CUSID928,PID428,2/15/2024,5,$113.17 
SID929,CUSID929,PID429,6/10/2023,4,$171.83 
SID930,CUSID930,PID430,1/22/2024,3,$861.03 
SID931,CUSID931,PID431,6/28/2023,2,$228.88 
SID932,CUSID932,PID432,8/2/2023,3,$609.37 
SID933,CUSID933,PID433,5/14/2023,4,$378.43 
SID934,CUSID934,PID434,12/16/2023,3,$383.13 
SID935,CUSID935,PID435,3/31/2023,2,$305.08 
SID936,CUSID936,PID436,2/7/2024,5,$245.52 
SID937,CUSID937,PID437,1/19/2024,2,$208.99 
SID938,CUSID938,PID191,6/27/2023,2,$246.63 
SID939,CUSID939,PID192,11/25/2023,3,$59.02 
SID940,CUSID940,PID193,12/9/2023,2,$375.52 
SID941,CUSID941,PID194,1/23/2024,2,$230.70 
SID942,CUSID942,PID195,8/26/2023,2,$570.87 
SID943,CUSID943,PID409,4/23/2023,3,$471.67 
SID944,CUSID944,PID410,1/5/2024,3,$169.74 
SID945,CUSID945,PID411,6/30/2023,2,$114.00 
SID946,CUSID946,PID412,7/11/2023,5,$413.24 
SID947,CUSID947,PID413,4/29/2023,5,$706.05 
SID948,CUSID948,PID414,9/28/2023,2,$248.78 
SID949,CUSID949,PID415,5/8/2023,5,$813.62 
SID950,CUSID950,PID416,8/27/2023,2,$757.34 
SID951,CUSID951,PID417,7/6/2023,3,$373.84 
SID952,CUSID952,PID418,1/4/2024,2,$496.98 
SID953,CUSID953,PID419,11/17/2023,4,$604.31 
SID954,CUSID954,PID420,6/1/2023,2,$752.91 
SID955,CUSID955,PID421,3/11/2023,2,$855.61 
SID956,CUSID956,PID422,12/16/2023,5,$878.43 
SID957,CUSID957,PID423,8/27/2023,4,$211.99 
SID958,CUSID958,PID424,7/4/2023,4,$315.72 
SID959,CUSID959,PID425,11/16/2023,5,$64.70 
SID960,CUSID960,PID426,9/10/2023,3,$278.96 
SID961,CUSID961,PID427,11/25/2023,2,$431.58 
SID962,CUSID962,PID428,6/28/2023,4,$414.16 
SID963,CUSID963,PID429,6/28/2023,3,$743.82 
SID964,CUSID964,PID430,4/16/2023,2,$542.07 
SID965,CUSID965,PID431,6/30/2023,2,$678.96 
SID966,CUSID966,PID432,3/12/2023,4,$832.65 
SID967,CUSID967,PID433,12/23/2023,2,$138.99 
SID968,CUSID968,PID434,5/20/2023,3,$775.26 
SID969,CUSID969,PID435,8/5/2023,3,$387.56 
SID970,CUSID970,PID436,1/15/2024,4,$119.51 
SID971,CUSID971,PID437,3/31/2023,3,$521.89 
SID972,CUSID972,PID191,8/31/2023,3,$732.71 
SID973,CUSID973,PID192,10/19/2023,5,$894.85 
SID974,CUSID974,PID193,8/17/2023,5,$175.17 
SID975,CUSID975,PID194,5/10/2023,5,$458.43 
SID976,CUSID976,PID195,9/4/2023,4,$750.83 
SID977,CUSID977,PID409,12/6/2023,3,$244.57 
SID978,CUSID978,PID410,6/20/2023,2,$730.54 
SID979,CUSID979,PID411,11/11/2023,5,$460.75 
SID980,CUSID980,PID412,3/10/2023,5,$359.97 
SID981,CUSID981,PID413,8/6/2023,3,$859.63 
SID982,CUSID982,PID414,11/15/2023,4,$130.89 
SID983,CUSID983,PID415,3/6/2023,4,$0.95 
SID984,CUSID984,PID416,8/10/2023,5,$230.15 
SID985,CUSID985,PID417,12/15/2023,3,$344.31 
SID986,CUSID986,PID418,8/2/2023,4,$717.38 
SID987,CUSID987,PID419,10/10/2023,3,$597.39 
SID988,CUSID988,PID420,12/5/2023,3,$780.65 
SID989,CUSID989,PID421,12/8/2023,4,$87.12 
SID990,CUSID990,PID422,11/19/2023,3,$64.78 
SID991,CUSID991,PID423,11/28/2023,5,$588.41 
SID992,CUSID992,PID424,10/7/2023,2,$718.60 
SID993,CUSID993,PID425,8/18/2023,5,$601.10 
SID994,CUSID994,PID426,6/9/2023,4,$345.12 
SID995,CUSID995,PID427,9/19/2023,3,$0.92 
SID996,CUSID996,PID428,9/14/2023,3,$638.56 
SID997,CUSID997,PID429,2/7/2024,5,$299.93 
SID998,CUSID998,PID430,9/12/2023,3,$23.52 
SID999,CUSID999,PID431,9/16/2023,3,$669.96 
SID1000,CUSID1000,PID432,11/6/2023,3,$48.28 
